{
  "ci": {
    "collect": {
      "staticDistDir": "./",
      "url": [
        "/src/pages/index.html",
        "/src/pages/community.html",
        "/src/pages/academy.html",
        "/src/pages/live.html",
        "/src/pages/profile.html"
      ],
      "numberOfRuns": 3
    },
    "assert": {
      "assertions": {
        "categories:performance": ["warn", { "minScore": 0.7 }],
        "categories:accessibility": ["error", { "minScore": 0.9 }],
        "categories:best-practices": ["error", { "minScore": 0.9 }],
        "categories:seo": ["error", { "minScore": 0.9 }],
        "first-contentful-paint": ["warn", { "maxNumericValue": 3000 }],
        "largest-contentful-paint": ["warn", { "maxNumericValue": 4000 }],
        "cumulative-layout-shift": ["warn", { "maxNumericValue": 0.25 }],
        "speed-index": ["warn", { "maxNumericValue": 6000 }],
        "interactive": ["warn", { "maxNumericValue": 5000 }]
      }
    },
    "upload": {
      "target": "temporary-public-storage"
    }
  }
}
